Domain,Source_Tier,Program_Tier,Authors,Year,Title,Source,Notes
Strategic Foresight,T1,Tier 1-2,Kahn & Wiener,1967,The Year 2000: A Framework for Speculation on the Next 33 Years,Macmillan,Foundational scenario methodology
Strategic Foresight,T2,Tier 1-2,"Iden, Methlie & Christensen",2017,The Nature of Strategic Foresight Research: A Systematic Literature Review,Technological Forecasting and Social Change 116:87-97,Meta-analysis of foresight research
Strategic Foresight,T3,Tier 1-2,Schoemaker,1995,Scenario Planning: A Tool for Strategic Thinking,Sloan Management Review 36(2):25-40,Applied scenario framework
Strategic Foresight,T4,Tier 1-2,"Cornelius, van de Putte & Romani",2005,Three Decades of Scenario Planning in Shell,California Management Review 48(1):92-109,Shell case study
Strategic Foresight,T5,Tier 1-2,Wack,1985,Scenarios: Uncharted Waters Ahead,Harvard Business Review 63(5):73-89,Practitioner classic
Strategic Foresight,T1,Tier 3-4,Schwartz,1991,The Art of the Long View,Doubleday,Narrative scenario methodology
Strategic Foresight,T2,Tier 3-4,Burt & Nair,2020,Rigidities of Imagination in Scenario Planning,Technological Forecasting and Social Change 154:119-131,Unlearning in foresight
Strategic Foresight,T3,Tier 3-4,van der Heijden,2005,Scenarios: The Art of Strategic Conversation (2nd ed.),John Wiley & Sons,Organizational scenario practice
Strategic Foresight,T4,Tier 3-4,Siilasmaa,2019,Transforming Nokia: The Power of Paranoid Optimism,McGraw-Hill,Nokia transformation case
Strategic Foresight,T5,Tier 3-4,Ramirez & Selsky,2016,Strategic Planning in Turbulent Environments: A Social Ecology Approach,Long Range Planning 49(1):90-102,Social ecology scenarios
Strategic Foresight,T1,Tier 5-6,de Geus,1988,Planning as Learning,Harvard Business Review 66(2):70-74,Learning organization & scenarios
Strategic Foresight,T2,Tier 5-6,Spaniol & Rowland,2018,The Scenario Planning Paradox,Futures 95:33-43,Paradox in scenario practice
Strategic Foresight,T3,Tier 5-6,Chermack,2011,"Scenario Planning in Organizations: How to Create, Use and Assess Scenarios",Berrett-Koehler,Organizational implementation
Strategic Foresight,T4,Tier 5-6,Moyer,1996,Scenario Planning at British Airways – A Case Study,Long Range Planning 29(2):172-181,BA case study
Strategic Foresight,T5,Tier 5-6,Day & Schoemaker,2004,Driving Through the Fog: Managing at the Edge,Long Range Planning 37(2):127-142,Edge management
Strategic Foresight,T1,Tier 7-8,Senge et al.,1999,The Dance of Change: The Challenges to Sustaining Momentum in Learning Organizations,Doubleday,Learning organization dynamics
Strategic Foresight,T2,Tier 7-8,Haeffner et al.,2012,The Effects of Scenario Planning on Participant Perceptions of Learning Organization Characteristics,Human Resource Development Quarterly 23(4):519-542,Empirical effects study
Strategic Foresight,T3,Tier 7-8,Ringland,2010,The Role of Scenarios in Strategic Foresight,Technological Forecasting and Social Change 77(9):1493-1498,Scenario-foresight link
Strategic Foresight,T4,Tier 7-8,"Rhisiart, Miller & Brook",2015,Learning to Use the Future: Developing Foresight Capabilities Through Scenario Processes,Technological Forecasting and Social Change 101:124-133,Capability development
Strategic Foresight,T5,Tier 7-8,"Wilkinson, Kupers & Mangalagiu",2013,How Plausibility-Based Scenario Practices Are Grappling with Complexity,Technological Forecasting and Social Change 80(4):699-710,Complexity in scenarios
Strategic Foresight,T1,Tier 9-10,March,2008,Exploration in Organizations,Stanford University Press,Exploration-exploitation theory
Strategic Foresight,T2,Tier 9-10,"Robinson, Ahmad & Simmons",2021,Consolidation and Fragmentation in Environmental Scanning: A Review and Research Agenda,Long Range Planning 54(3):1-54,Scanning research agenda
Strategic Foresight,T3,Tier 9-10,Derbyshire & Wright,2017,Augmenting the Intuitive Logics Scenario Planning Method for a More Comprehensive Analysis of Causation,International Journal of Forecasting 33(1):254-266,Methodological enhancement
Strategic Foresight,T4,Tier 9-10,Grant,2003,Strategic Planning in a Turbulent Environment: Evidence from the Oil Majors,Strategic Management Journal 24(6):491-517,Oil industry strategy
Strategic Foresight,T5,Tier 9-10,"Paliokaite, Pacesa & Sarpong",2014,Conceptualizing Strategic Foresight: An Integrated Framework,Strategic Change 23(3-4):161-169,Integrated framework
Strategic Foresight,T1,Tier 11-12,Whitehead,1967,Adventures of Ideas,Free Press,Process philosophy
Strategic Foresight,T2,Tier 11-12,Voros,2005,A Generalised 'Layered Methodology' Framework,Foresight 7(2):28-40,Layered methodology
Strategic Foresight,T3,Tier 11-12,"Wright, Bradfield & Cairns",2013,Does the Intuitive Logics Method and Its Recent Enhancements Produce 'Effective' Scenarios?,Technological Forecasting and Social Change 80(4):631-642,Effectiveness validation
Strategic Foresight,T4,Tier 11-12,van der Heijden et al.,2002,The Sixth Sense: Accelerating Organizational Learning with Scenarios,John Wiley & Sons,Accelerated learning
Strategic Foresight,T5,Tier 11-12,Rohrbeck,2012,Exploring Value Creation from Corporate-Foresight Activities,Futures 44(5):440-452,Value creation
Systems Thinking,T1,Tier 1-2,Senge,1990,The Fifth Discipline: The Art and Practice of the Learning Organization,Doubleday,Learning organization classic
Systems Thinking,T2,Tier 1-2,Tsoukas & Chia,2002,On Organisational Becoming: Rethinking Organisational Change,Organization Science 13:567-582,Process ontology
Systems Thinking,T3,Tier 1-2,Meadows,2008,Thinking in Systems: A Primer,Chelsea Green Publishing,Systems primer
Systems Thinking,T4,Tier 1-2,MacKay & Chia,2013,"Choice, Chance, and Unintended Consequences in Strategic Change",Academy of Management Journal 56(1):208-230,Process case study
Systems Thinking,T5,Tier 1-2,Senge et al.,1999,The Dance of Change,Doubleday,Sustainability of change
Systems Thinking,T1,Tier 3-4,Bertalanffy,1968,"General System Theory: Foundations, Development, Applications",George Braziller,GST founder
Systems Thinking,T2,Tier 3-4,Langley et al.,2013,Process Studies of Change in Organization and Management,Academy of Management Journal 56(1):1-13,Process methodology
Systems Thinking,T3,Tier 3-4,Sterman,2000,Business Dynamics: Systems Thinking and Modeling for a Complex World,McGraw-Hill,System dynamics modeling
Systems Thinking,T4,Tier 3-4,"Paton, Chia & Burt",2014,How Business Schools Can Become Useful Through Strategic Partnerships,Management Learning 45(3):267-288,Strategic partnerships
Systems Thinking,T5,Tier 3-4,Wheatley,2006,Leadership and the New Science: Discovering Order in a Chaotic World (3rd ed.),Berrett-Koehler,Quantum leadership
Systems Thinking,T1,Tier 5-6,Prigogine & Stengers,1984,Order Out of Chaos: Man's New Dialogue with Nature,Bantam Books,Dissipative structures
Systems Thinking,T2,Tier 5-6,"Easterby-Smith, Crossan & Niccolini",2000,"Organizational Learning: Debates Past, Present and Future",Journal of Management Studies 37(6):783-796,Learning debates
Systems Thinking,T3,Tier 5-6,Maani & Cavana,2007,Systems Thinking and Modelling: Understanding Change and Complexity,Pearson Education NZ,Modeling guide
Systems Thinking,T4,Tier 5-6,Chell,1998,Critical Incident Technique,"In Symon & Cassell (eds.), Qualitative Methods in Organizational Research",Methodology
Systems Thinking,T5,Tier 5-6,Stacey,2011,Strategic Management and Organisational Dynamics: The Challenge of Complexity (6th ed.),Pearson,Complexity strategy
Systems Thinking,T1,Tier 7-8,Weick,1995,Sensemaking in Organizations,Sage Publications,Sensemaking theory
Systems Thinking,T2,Tier 7-8,Levinthal & March,1993,The Myopia of Learning,Strategic Management Journal 14(Special Issue):95-112,Learning traps
Systems Thinking,T3,Tier 7-8,Checkland,1999,"Systems Thinking, Systems Practice: Includes a 30-Year Retrospective",John Wiley & Sons,Soft systems methodology
Systems Thinking,T4,Tier 7-8,Fiol & Lyles,1985,Organizational Learning,Academy of Management Review 10(4):803-813,Learning definition
Systems Thinking,T5,Tier 7-8,Snowden & Boone,2007,A Leader's Framework for Decision Making,Harvard Business Review 85(11):68-76,Cynefin framework
Systems Thinking,T1,Tier 9-10,Kauffman,1993,The Origins of Order: Self-Organization and Selection in Evolution,Oxford University Press,Complexity theory
Systems Thinking,T2,Tier 9-10,"Jiang, Mavondo & Matanda",2015,Integrative Capability for Successful Partnering: A Critical Dynamic Capability,Management Decision 53(6):1184-1202,Integrative capability
Systems Thinking,T3,Tier 9-10,Forrester,1961,Industrial Dynamics,MIT Press,System dynamics founder
Systems Thinking,T4,Tier 9-10,Nystrom & Starbuck,1984,"To Avoid Organizational Crises, Unlearn",Organizational Dynamics 12(4):53-65,Unlearning classic
Systems Thinking,T5,Tier 9-10,Uhl-Bien & Arena,2018,Leadership for Organizational Complexity: How the Past Can Inform the Future,Leadership Quarterly 29(1):1-8,Complexity leadership
Systems Thinking,T1,Tier 11-12,Holland,1995,Hidden Order: How Adaptation Builds Complexity,Addison-Wesley,Complex adaptive systems
Systems Thinking,T2,Tier 11-12,Starbuck,2017,Organizational Learning and Unlearning,The Learning Organization 24(1):30-38,Unlearning update
Systems Thinking,T3,Tier 11-12,Richardson,1991,Feedback Thought in Social Science and Systems Theory,University of Pennsylvania Press,Feedback theory
Systems Thinking,T4,Tier 11-12,Hedberg,1981,How Organizations Learn and Unlearn,"In Nystrom & Starbuck (eds.), Handbook of Organizational Design",Unlearning origin
Systems Thinking,T5,Tier 11-12,Hamel,2020,Humanocracy: Creating Organizations as Amazing as the People Inside Them,Harvard Business Review Press,Human-centric orgs
Dynamic Capabilities,T1,Tier 1-2,"Teece, Pisano & Shuen",1997,Dynamic Capabilities and Strategic Management,Strategic Management Journal 18(7):509-533,Dynamic capabilities origin
Dynamic Capabilities,T2,Tier 1-2,Eisenhardt & Martin,2000,Dynamic Capabilities: What Are They?,Strategic Management Journal 21(10-11):1105-1121,Capability definition
Dynamic Capabilities,T3,Tier 1-2,Helfat et al.,2007,Dynamic Capabilities: Understanding Strategic Change in Organizations,Blackwell Publishing,Comprehensive framework
Dynamic Capabilities,T4,Tier 1-2,"Jiang, Mavondo & Matanda",2015,Integrative Capability for Successful Partnering,Management Decision 53(6):1184-1202,Partnering capability
Dynamic Capabilities,T5,Tier 1-2,"Reeves, Haanaes & Sinha",2015,Your Strategy Needs a Strategy: How to Choose and Execute the Right Approach,Harvard Business Review Press,Strategy palette
Dynamic Capabilities,T1,Tier 3-4,Barney,1991,Firm Resources and Sustained Competitive Advantage,Journal of Management 17(1):99-120,RBV origin
Dynamic Capabilities,T2,Tier 3-4,Winter,2003,Understanding Dynamic Capabilities,Strategic Management Journal 24(10):991-995,Capability evolution
Dynamic Capabilities,T3,Tier 3-4,Teece,2007,Explicating Dynamic Capabilities: The Nature and Microfoundations of (Sustainable) Enterprise Performance,Strategic Management Journal 28(13):1319-1350,Microfoundations
Dynamic Capabilities,T4,Tier 3-4,Pisano,2015,You Need an Innovation Strategy,Harvard Business Review 93(6):44-54,Innovation strategy
Dynamic Capabilities,T5,Tier 3-4,Christensen,1997,The Innovator's Dilemma: When New Technologies Cause Great Firms to Fail,Harvard Business Review Press,Disruption theory
Dynamic Capabilities,T1,Tier 5-6,Penrose,1959,The Theory of the Growth of the Firm,John Wiley & Sons,Resource growth
Dynamic Capabilities,T2,Tier 5-6,Zollo & Winter,2002,Deliberate Learning and the Evolution of Dynamic Capabilities,Organization Science 13(3):339-351,Learning mechanisms
Dynamic Capabilities,T3,Tier 5-6,Ambrosini & Bowman,2009,What Are Dynamic Capabilities and Are They a Useful Construct in Strategic Management?,International Journal of Management Reviews 11(1):29-49,Construct validity
Dynamic Capabilities,T4,Tier 5-6,Kodama,2003,Strategic Innovation in Large Firms Through Strategic Community Management: A Case Study and Implication,R&D Management 33(3):275-291,Community management
Dynamic Capabilities,T5,Tier 5-6,Kim & Mauborgne,2015,"Blue Ocean Strategy, Expanded Edition",Harvard Business Review Press,Value innovation
Dynamic Capabilities,T1,Tier 7-8,Wernerfelt,1984,A Resource-Based View of the Firm,Strategic Management Journal 5(2):171-180,RBV early
Dynamic Capabilities,T2,Tier 7-8,Helfat & Martin,2015,Dynamic Managerial Capabilities: Review and Assessment of Managerial Impact on Strategic Change,Journal of Management 41(5):1281-1312,Managerial capabilities
Dynamic Capabilities,T3,Tier 7-8,Augier & Teece,2009,Dynamic Capabilities and the Role of Managers in Business Strategy and Organizational Performance,Industrial and Corporate Change 18(3):427-470,Manager role
Dynamic Capabilities,T4,Tier 7-8,Leonard-Barton,1992,Core Capabilities and Core Rigidities: A Paradox in Managing New Product Development,Strategic Management Journal 13(Special Issue):111-125,Core rigidity
Dynamic Capabilities,T5,Tier 7-8,McGrath,2013,The End of Competitive Advantage: How to Keep Your Strategy Moving as Fast as Your Business,Harvard Business Review Press,Transient advantage
Dynamic Capabilities,T1,Tier 9-10,Nelson & Winter,1982,An Evolutionary Theory of Economic Change,Harvard University Press,Evolutionary theory
Dynamic Capabilities,T2,Tier 9-10,Wilden et al.,2016,"Dynamic Capabilities and Performance: Strategy, Structure and Environment",Journal of Business Research 69(11):5019-5027,Performance link
Dynamic Capabilities,T3,Tier 9-10,"Di Stefano, Peteraf & Verona",2010,"Dynamic Capabilities Deconstructed: A Bibliographic Investigation into the Origins, Development, and Future Directions of the Research Domain",Industrial and Corporate Change 19(4):1187-1204,Bibliographic analysis
Dynamic Capabilities,T4,Tier 9-10,Danneels,2002,The Dynamics of Product Innovation and Firm Competences,Strategic Management Journal 23(12):1095-1121,Competence dynamics
Dynamic Capabilities,T5,Tier 9-10,D'Aveni,1994,Hypercompetition: Managing the Dynamics of Strategic Maneuvering,Free Press,Hypercompetition
Dynamic Capabilities,T1,Tier 11-12,Cyert & March,1963,A Behavioral Theory of the Firm,Prentice-Hall,Behavioral theory
Dynamic Capabilities,T2,Tier 11-12,Schilke,2014,On the Contingent Value of Dynamic Capabilities for Competitive Advantage: The Nonlinear Moderating Effect of Environmental Dynamism,Strategic Management Journal 35(2):179-203,Contingent value
Dynamic Capabilities,T3,Tier 11-12,Pisano,2017,Toward a Prescriptive Theory of Dynamic Capabilities,Strategic Management Journal 38(8):1571-1578,Prescriptive theory
Dynamic Capabilities,T4,Tier 11-12,Henderson & Clark,1990,Architectural Innovation: The Reconfiguration of Existing Product Technologies and the Failure of Established Firms,Administrative Science Quarterly 35(1):9-30,Architectural innovation
Dynamic Capabilities,T5,Tier 11-12,Reeves & Deimler,2011,Adaptability: The New Competitive Advantage,BCG Perspectives,Adaptability framework
Organizational Learning,T1,Tier 1-2,Argyris & Schön,1978,Organizational Learning: A Theory of Action Perspective,Addison-Wesley,Double-loop learning
Organizational Learning,T2,Tier 1-2,Tsang,2017,How the Concept of Organizational Unlearning Contributes to Studies of Learning Organizations,The Learning Organization 24(1):39-48,Unlearning contribution
Organizational Learning,T3,Tier 1-2,Nonaka & Takeuchi,1995,The Knowledge-Creating Company: How Japanese Companies Create the Dynamics of Innovation,Oxford University Press,SECI model
Organizational Learning,T4,Tier 1-2,Herschel & Nemati,2000,Chief Knowledge Officer: Critical Success Factors for Knowledge Management,Information Strategy: The Executive's Journal 16(4):37-45,CKO role
Organizational Learning,T5,Tier 1-2,Garvin,1993,Building a Learning Organization,Harvard Business Review 71(4):78-91,Learning organization practice
Organizational Learning,T1,Tier 3-4,Polanyi,1966,The Tacit Dimension,University of Chicago Press,Tacit knowledge
Organizational Learning,T2,Tier 3-4,Easterby-Smith & Lyles,2011,Handbook of Organizational Learning and Knowledge Management (2nd ed.),Wiley-Blackwell,Comprehensive handbook
Organizational Learning,T3,Tier 3-4,Wenger,1998,"Communities of Practice: Learning, Meaning, and Identity",Cambridge University Press,CoP theory
Organizational Learning,T4,Tier 3-4,Huikkola & Kohtamaki,2017,Solution Providers' Strategic Capabilities,Journal of Business & Industrial Marketing 32(5):752-770,Solution capabilities
Organizational Learning,T5,Tier 3-4,Senge,1990,The Fifth Discipline,Doubleday,Learning organization
Organizational Learning,T1,Tier 5-6,Simon,1947,Administrative Behavior: A Study of Decision-Making Processes in Administrative Organizations,Macmillan,Bounded rationality
Organizational Learning,T2,Tier 5-6,Crossan et al.,1999,An Organizational Learning Framework: From Intuition to Institution,Academy of Management Review 24(3):522-537,4I framework
Organizational Learning,T3,Tier 5-6,Davenport & Prusak,1998,Working Knowledge: How Organizations Manage What They Know,Harvard Business School Press,Knowledge management
Organizational Learning,T4,Tier 5-6,Deakins & Freel,1998,Entrepreneurial Learning and the Growth Process in SMEs,The Learning Organization 5(3):144-155,SME learning
Organizational Learning,T5,Tier 5-6,O'Dell & Grayson,1998,If Only We Knew What We Know: The Transfer of Internal Knowledge and Best Practice,Free Press,Knowledge transfer
Organizational Learning,T1,Tier 7-8,March,1991,Exploration and Exploitation in Organizational Learning,Organization Science 2(1):71-87,Explore-exploit
Organizational Learning,T2,Tier 7-8,Fiol & Lyles,1985,Organizational Learning,Academy of Management Review 10(4):803-813,Learning definition
Organizational Learning,T3,Tier 7-8,Zack,1999,Developing a Knowledge Strategy,California Management Review 41(3):125-145,Knowledge strategy
Organizational Learning,T4,Tier 7-8,Gurkan Inan & Bititci,2015,Understanding Organizational Capabilities and Dynamic Capabilities in the Context of Micro Enterprises,Procedia – Social and Behavioral Sciences 210:310-319,Micro enterprise
Organizational Learning,T5,Tier 7-8,Leonard & Swap,2004,Deep Smarts: How to Cultivate and Transfer Enduring Business Wisdom,Harvard Business School Press,Deep smarts
Organizational Learning,T1,Tier 9-10,Weick,1979,The Social Psychology of Organizing (2nd ed.),McGraw-Hill,Organizing theory
Organizational Learning,T2,Tier 9-10,Levitt & March,1988,Organizational Learning,Annual Review of Sociology 14:319-340,Learning classic
Organizational Learning,T3,Tier 9-10,"Hansen, Nohria & Tierney",1999,What's Your Strategy for Managing Knowledge?,Harvard Business Review 77(2):106-116,Knowledge strategy
Organizational Learning,T4,Tier 9-10,Alubadi & Taher,2021,Measuring the Implementation and Adoption Gap of Strategic Foresight in Organisations,"International Journal of Innovation, Creativity and Change 15(4):54-72",Adoption gap
Organizational Learning,T5,Tier 9-10,Davenport,2005,Competing on Analytics,Harvard Business Review 83(1):98-107,Analytics
Organizational Learning,T1,Tier 11-12,Bateson,1972,Steps to an Ecology of Mind,Ballantine Books,Ecology of mind
Organizational Learning,T2,Tier 11-12,Tsang,2017,"Stop Eulogizing, Complicating or Straitjacketing the Concept of Organizational Unlearning",The Learning Organization 24(2):78-81,Unlearning critique
Organizational Learning,T3,Tier 11-12,Grant,1996,Toward a Knowledge-Based Theory of the Firm,Strategic Management Journal 17(Special Issue):109-122,KBV
Organizational Learning,T4,Tier 11-12,"Iden, Methlie & Christensen",2017,The Nature of Strategic Foresight Research,Technological Forecasting and Social Change 116:87-97,Foresight nature
Organizational Learning,T5,Tier 11-12,McAfee & Brynjolfsson,2012,Big Data: The Management Revolution,Harvard Business Review 90(10):60-68,Big data
Leadership,T1,Tier 1-2,Burns,1978,Leadership,Harper & Row,Transforming leadership
Leadership,T2,Tier 1-2,Avolio & Gardner,2005,Authentic Leadership Development: Getting to the Root of Positive Forms of Leadership,Leadership Quarterly 16(3):315-338,Authentic leadership
Leadership,T3,Tier 1-2,Boyatzis,1982,The Competent Manager: A Model for Effective Performance,John Wiley & Sons,Competency model
Leadership,T4,Tier 1-2,Hess & McShane,2016,Educational Entrepreneurship Today,Harvard Education Press,Ed entrepreneurship
Leadership,T5,Tier 1-2,Goleman,1998,What Makes a Leader?,Harvard Business Review 76(6):93-102,Emotional intelligence
Leadership,T1,Tier 3-4,Bass,1985,Leadership: Performance Beyond Expectations,Free Press,Transformational leadership
Leadership,T2,Tier 3-4,Judge et al.,2004,Personality and Leadership: A Qualitative and Quantitative Review,Journal of Applied Psychology 89(4):542-552,Personality meta-analysis
Leadership,T3,Tier 3-4,Yukl,2013,Leadership in Organizations (8th ed.),Pearson,Comprehensive text
Leadership,T4,Tier 3-4,Meyerowitz,2015,The Use of Foresight and Scenario Planning in Strategic Decision Making by South African Executives,"Doctoral Dissertation, University of Pretoria",SA executives
Leadership,T5,Tier 3-4,Drucker,1999,Managing Oneself,Harvard Business Review 77(2):64-74,Self-management
Leadership,T1,Tier 5-6,Heifetz,1994,Leadership Without Easy Answers,Harvard University Press,Adaptive leadership
Leadership,T2,Tier 5-6,Day et al.,2014,Advances in Leader and Leadership Development,Leadership Quarterly 25(1):1-9,Development advances
Leadership,T3,Tier 5-6,Northouse,2019,Leadership: Theory and Practice (8th ed.),Sage Publications,Theory synthesis
Leadership,T4,Tier 5-6,Kenney & Pelley,2014,Stories That Drive the Future: How Narratives Can Improve Scenario Planning,Strategy & Leadership 42(5):28-33,Narrative scenarios
Leadership,T5,Tier 5-6,Collins,2001,Level 5 Leadership: The Triumph of Humility and Fierce Resolve,Harvard Business Review 79(1):66-76,Level 5
Leadership,T1,Tier 7-8,Kotter,1996,Leading Change,Harvard Business School Press,Change model
Leadership,T2,Tier 7-8,Uhl-Bien et al.,2007,Complexity Leadership Theory: Shifting Leadership from the Industrial Age to the Knowledge Era,Leadership Quarterly 18(4):298-318,Complexity leadership
Leadership,T3,Tier 7-8,Kets de Vries,2006,The Leader on the Couch: A Clinical Approach to Changing People and Organizations,Jossey-Bass,Clinical approach
Leadership,T4,Tier 7-8,Halford,2021,'Build Back Better' – Used Futures as the Cornerstone for the New Normal?,"Perspectives, Journal of Futures Studies",Futures narratives
Leadership,T5,Tier 7-8,Hamel & Prahalad,1994,Competing for the Future,Harvard Business School Press,Strategic intent
Leadership,T1,Tier 9-10,Greenleaf,1977,Servant Leadership: A Journey into the Nature of Legitimate Power and Greatness,Paulist Press,Servant leadership
Leadership,T2,Tier 9-10,Lord & Hall,2005,"Identity, Deep Structure and the Development of Leadership Skill",Leadership Quarterly 16(4):591-615,Identity theory
Leadership,T3,Tier 9-10,Ibarra,2015,"Act Like a Leader, Think Like a Leader",Harvard Business Review Press,Leadership transition
Leadership,T4,Tier 9-10,Hagel,2021,Every Company Needs a Narrative,Harvard Business Review,Corporate narrative
Leadership,T5,Tier 9-10,Bennis & Townsend,1995,Leaders: Strategies for Taking Charge,Harper Business,Leadership strategies
Leadership,T1,Tier 11-12,Weber,1947,The Theory of Social and Economic Organization,Free Press,Bureaucracy/charisma
Leadership,T2,Tier 11-12,Day & Dragoni,2011,Leader Development: A Review and Agenda,Leadership Quarterly 22(4):581-596,Development review
Leadership,T3,Tier 11-12,George,2007,True North: Discover Your Authentic Leadership,Jossey-Bass,Authentic leadership
Leadership,T4,Tier 11-12,Stonehouse & Pemberton,2002,Strategic Planning in SMEs – Some Empirical Findings,Management Decision 40(9):853-861,SME planning
Leadership,T5,Tier 11-12,Heifetz & Linsky,2002,A Survival Guide for Leaders,Harvard Business Review 80(6):65-74,Leadership survival
Innovation,T1,Tier 1-2,Schumpeter,1942,"Capitalism, Socialism and Democracy",Harper & Brothers,Creative destruction
Innovation,T2,Tier 1-2,Shane & Venkataraman,2000,The Promise of Entrepreneurship as a Field of Research,Academy of Management Review 25(1):217-226,Entrepreneurship field
Innovation,T3,Tier 1-2,Christensen,1997,The Innovator's Dilemma,Harvard Business Review Press,Disruption
Innovation,T4,Tier 1-2,"Adegbile, Sarpong & Meissner",2017,Strategic Foresight for Innovation Management: A Review and Research Agenda,International Journal of Innovation and Technology Management 14(4):1-22,Foresight-innovation
Innovation,T5,Tier 1-2,Blank,2013,The Four Steps to the Epiphany: Successful Strategies for Products That Win (2nd ed.),K&S Ranch,Customer development
Innovation,T1,Tier 3-4,Drucker,1985,Innovation and Entrepreneurship: Practice and Principles,Harper & Row,Innovation practice
Innovation,T2,Tier 3-4,West,2007,Making It Happen: A Non-Technical Approach to the Study of Innovation,Journal of Management Studies 44(7):1225-1234,Innovation process
Innovation,T3,Tier 3-4,Tidd & Bessant,2021,"Managing Innovation: Integrating Technological, Market and Organizational Change (6th ed.)",John Wiley & Sons,Innovation management
Innovation,T4,Tier 3-4,Wyrwicka & Erdeli,2018,Strategic Foresight as the Methodology of Preparing Innovation Activities,Marketing and Innovation Management 70(2):339-350,Foresight methodology
Innovation,T5,Tier 3-4,Ries,2011,The Lean Startup: How Today's Entrepreneurs Use Continuous Innovation to Create Radically Successful Businesses,Crown Business,Lean startup
Innovation,T1,Tier 5-6,Rogers,1962,Diffusion of Innovations,Free Press,Diffusion theory
Innovation,T2,Tier 5-6,Ahuja & Lampert,2001,Entrepreneurship in Large Corporations: A Longitudinal Study of How Established Firms Create Breakthrough Inventions,Strategic Management Journal 22(6-7):521-543,Corporate entrepreneurship
Innovation,T3,Tier 5-6,O'Connor & DeMartino,2006,Organizing for Radical Innovation: An Exploratory Study of the Structural Aspects of RI Management Systems in Large Established Firms,Journal of Product Innovation Management 23(6):475-497,Radical innovation
Innovation,T4,Tier 5-6,Zorrilla-Miras et al.,2021,Understanding Complex Relationships Between Human Well-Being and Land Use Change in Mozambique Using a Multi-Scale Participatory Scenario Planning Process,Sustainability 13(23):1-21,Participatory planning
Innovation,T5,Tier 5-6,Osterwalder & Pigneur,2010,"Business Model Generation: A Handbook for Visionaries, Game Changers, and Challengers",John Wiley & Sons,Business model canvas
Innovation,T1,Tier 7-8,Abernathy & Utterback,1978,Patterns of Industrial Innovation,Technology Review 80(7):40-47,Innovation patterns
Innovation,T2,Tier 7-8,Damanpour,1991,Organizational Innovation: A Meta-Analysis of Effects of Determinants and Moderators,Academy of Management Journal 34(3):555-590,Innovation meta-analysis
Innovation,T3,Tier 7-8,Kelley & Littman,2001,"The Art of Innovation: Lessons in Creativity from IDEO, America's Leading Design Firm",Currency/Doubleday,Design thinking
Innovation,T4,Tier 7-8,Flaih & Chalab,2022,Strategic Foresight and Its Impact on Strategic Agility,Journal of Positive School Psychology 6(6):3154-3167,Foresight-agility
Innovation,T5,Tier 7-8,Kim & Mauborgne,2015,"Blue Ocean Strategy, Expanded Edition",Harvard Business Review Press,Value innovation
Innovation,T1,Tier 9-10,Nelson & Winter,1982,An Evolutionary Theory of Economic Change,Harvard University Press,Evolutionary economics
Innovation,T2,Tier 9-10,Anderson & Tushman,1990,Technological Discontinuities and Dominant Designs: A Cyclical Model of Technological Change,Administrative Science Quarterly 35(4):604-633,Dominant design
Innovation,T3,Tier 9-10,Chesbrough,2003,Open Innovation: The New Imperative for Creating and Profiting from Technology,Harvard Business School Press,Open innovation
Innovation,T4,Tier 9-10,Mostafa & Chitheer,2021,The Impact of Strategic Foresight in Strategic Renewal: Mediating Role of Talent Management Process,Review of International Geographical Education Online 11(12):190-202,Strategic renewal
Innovation,T5,Tier 9-10,"Christensen, Hall & Dillon",2016,Competing Against Luck: The Story of Innovation and Customer Choice,Harper Business,Jobs-to-be-done
Innovation,T1,Tier 11-12,Kirzner,1973,Competition and Entrepreneurship,University of Chicago Press,Entrepreneurial discovery
Innovation,T2,Tier 11-12,Markides,2006,Disruptive Innovation: In Need of Better Theory,Journal of Product Innovation Management 23(1):19-25,Disruption critique
Innovation,T3,Tier 11-12,Govindarajan & Trimble,2010,The Other Side of Innovation: Solving the Execution Challenge,Harvard Business Review Press,Innovation execution
Innovation,T4,Tier 11-12,"Al-Douri, Attiany & Al-Kharabsheh",2020,Scenario Planning Requirements and Future Foresight: A Structural Equation Modeling,Journal of Critical Reviews 2(3):1-10,SEM foresight
Innovation,T5,Tier 11-12,Maurya,2012,Running Lean: Iterate from Plan A to a Plan That Works (2nd ed.),O'Reilly Media,Lean canvas
Finance,T1,Tier 1-2,Modigliani & Miller,1958,"The Cost of Capital, Corporation Finance and the Theory of Investment",American Economic Review 48(3):261-297,Capital structure
Finance,T2,Tier 1-2,Fama & French,1992,The Cross-Section of Expected Stock Returns,Journal of Financial Economics 47(2):427-465,Three-factor model
Finance,T3,Tier 1-2,"Brealey, Myers & Allen",2020,Principles of Corporate Finance (13th ed.),McGraw-Hill,Corporate finance text
Finance,T4,Tier 1-2,Graham & Harvey,2001,The Theory and Practice of Corporate Finance: Evidence from the Field,Journal of Financial Economics 60(2-3):187-243,Survey evidence
Finance,T5,Tier 1-2,Mauboussin,2012,"The Success Equation: Untangling Skill and Luck in Business, Sports, and Investing",Harvard Business Review Press,Skill vs luck
Finance,T1,Tier 3-4,Markowitz,1952,Portfolio Selection,Journal of Finance 7(1):77-91,Modern portfolio theory
Finance,T2,Tier 3-4,Kaplan & Norton,1992,The Balanced Scorecard: Measures That Drive Performance,Harvard Business Review 70(1):71-79,Balanced scorecard
Finance,T3,Tier 3-4,Damodaran,2012,Investment Valuation: Tools and Techniques for Determining the Value of Any Asset (3rd ed.),John Wiley & Sons,Valuation bible
Finance,T4,Tier 3-4,"Palepu, Healy & Peek",2016,Business Analysis and Valuation: IFRS Standards Edition (4th ed.),Cengage Learning,Financial analysis
Finance,T5,Tier 3-4,"Koller, Goedhart & Wessels",2020,Valuation: Measuring and Managing the Value of Companies (7th ed.),John Wiley & Sons,McKinsey valuation
Finance,T1,Tier 5-6,Sharpe,1964,Capital Asset Prices: A Theory of Market Equilibrium Under Conditions of Risk,Journal of Finance 19(3):425-442,CAPM
Finance,T2,Tier 5-6,Jensen & Meckling,1976,"Theory of the Firm: Managerial Behavior, Agency Costs and Ownership Structure",Journal of Financial Economics 3(4):305-360,Agency theory
Finance,T3,Tier 5-6,McKinsey & Company,2015,Valuation: Measuring and Managing the Value of Companies (6th ed.),John Wiley & Sons,Valuation standard
Finance,T4,Tier 5-6,Rappaport,1998,Creating Shareholder Value: A Guide for Managers and Investors (2nd ed.),Free Press,Shareholder value
Finance,T5,Tier 5-6,Sull,2017,Strategy That Works: How Winning Companies Close the Strategy-to-Execution Gap,Harvard Business Review Press,Strategy execution
Finance,T1,Tier 7-8,Black & Scholes,1973,The Pricing of Options and Corporate Liabilities,Journal of Political Economy 81(3):637-654,Option pricing
Finance,T2,Tier 7-8,Titman & Wessels,1988,The Determinants of Capital Structure Choice,Journal of Finance 43(1):1-19,Capital structure
Finance,T3,Tier 7-8,"Copeland, Koller & Murrin",2000,Valuation: Measuring and Managing the Value of Companies (3rd ed.),John Wiley & Sons,Valuation framework
Finance,T4,Tier 7-8,Stewart,1991,The Quest for Value: A Guide for Senior Managers,Harper Business,EVA
Finance,T5,Tier 7-8,Mauboussin & Callahan,2015,"Capital Allocation: Evidence, Analytical Methods, and Assessment Guidance",Credit Suisse Global Financial Strategies,Capital allocation
Finance,T1,Tier 9-10,Miller,1977,Debt and Taxes,Journal of Finance 32(2):261-275,Debt policy
Finance,T2,Tier 9-10,Baker & Wurgler,2002,Market Timing and Capital Structure,Journal of Finance 57(1):1-32,Market timing
Finance,T3,Tier 9-10,Stern & Stewart,1991,The EVA Financial Management System,Journal of Applied Corporate Finance 2(2):32-46,EVA system
Finance,T4,Tier 9-10,Bower,2001,Not All M&As Are Alike – And That Matters,Harvard Business Review 79(3):92-101,M&A strategy
Finance,T5,Tier 9-10,McKinsey,2019,The Value of Value Creation,McKinsey on Finance,Value creation
Finance,T1,Tier 11-12,Keynes,1936,"The General Theory of Employment, Interest and Money",Macmillan,Macro foundation
Finance,T2,Tier 11-12,Shleifer & Vishny,1997,A Survey of Corporate Governance,Journal of Finance 52(2):737-783,Governance survey
Finance,T3,Tier 11-12,Martin,2011,"Fixing the Game: Bubbles, Crashes, and What Capitalism Can Learn from the NFL",Harvard Business Review Press,Incentive design
Finance,T4,Tier 11-12,Siilasmaa,2019,Transforming Nokia,McGraw-Hill,Nokia turnaround
Finance,T5,Tier 11-12,"Christensen, Allworth & Dillon",2012,How Will You Measure Your Life?,Harvard Business Review Press,Life metrics
Governance,T1,Tier 1-2,Freeman,1984,Strategic Management: A Stakeholder Approach,Pitman Publishing,Stakeholder theory
Governance,T2,Tier 1-2,Shleifer & Vishny,1997,A Survey of Corporate Governance,Journal of Finance 52(2):737-783,Governance survey
Governance,T3,Tier 1-2,Monks & Minow,2011,Corporate Governance (5th ed.),John Wiley & Sons,Governance text
Governance,T4,Tier 1-2,Hess & McShane,2016,Educational Entrepreneurship Today,Harvard Education Press,Ed entrepreneurship
Governance,T5,Tier 1-2,Porter & Kramer,2011,Creating Shared Value,Harvard Business Review 89(1):62-77,Shared value
Governance,T1,Tier 3-4,Berle & Means,1932,The Modern Corporation and Private Property,Macmillan,Separation of ownership
Governance,T2,Tier 3-4,La Porta et al.,1998,Law and Finance,Journal of Political Economy 106(6):1113-1155,Legal origins
Governance,T3,Tier 3-4,Tricker,2019,"Corporate Governance: Principles, Policies, and Practices (4th ed.)",Oxford University Press,Governance principles
Governance,T4,Tier 3-4,Meyerowitz,2015,The Use of Foresight and Scenario Planning in Strategic Decision Making by South African Executives,"Doctoral Dissertation, University of Pretoria",SA executives
Governance,T5,Tier 3-4,"Eccles, Ioannou & Serafeim",2014,The Impact of Corporate Sustainability on Organizational Processes and Performance,Management Science 60(11):2835-2857,Sustainability impact
Governance,T1,Tier 5-6,Carroll,1979,A Three-Dimensional Conceptual Model of Corporate Performance,Academy of Management Review 4(4):497-505,CSR pyramid
Governance,T2,Tier 5-6,"Gompers, Ishii & Metrick",2003,Corporate Governance and Equity Prices,Quarterly Journal of Economics 118(1):107-155,Governance index
Governance,T3,Tier 5-6,Cadbury,1992,Report of the Committee on the Financial Aspects of Corporate Governance,Gee Publishing,Cadbury Code
Governance,T4,Tier 5-6,"Engelmann, Mahler & Follmar-Otto",2020,Von der Notlösung zum Dauerzustand,Deutsches Institut für Menschenrechte,Homelessness analysis
Governance,T5,Tier 5-6,Friedman,1970,The Social Responsibility of Business Is to Increase Its Profits,New York Times Magazine,Shareholder primacy
Governance,T1,Tier 7-8,Donaldson & Preston,1995,"The Stakeholder Theory of the Corporation: Concepts, Evidence, and Implications",Academy of Management Review 20(1):65-91,Stakeholder theory
Governance,T2,Tier 7-8,Bebchuk & Fried,2004,Pay Without Performance: The Unfulfilled Promise of Executive Compensation,Harvard University Press,Executive pay
Governance,T3,Tier 7-8,OECD,2015,G20/OECD Principles of Corporate Governance,OECD Publishing,OECD principles
Governance,T4,Tier 7-8,Al-Alusi,2016,The Role of Strategic Foresight in Promoting Areas of Organizational Excellence According to the Perspective of Strategic Flexibility,"Master's Thesis, University of Tikrit",Foresight-flexibility
Governance,T5,Tier 7-8,Elkington,1997,Cannibals with Forks: The Triple Bottom Line of 21st Century Business,Capstone Publishing,Triple bottom line
Governance,T1,Tier 9-10,Jensen,2001,"Value Maximization, Stakeholder Theory, and the Corporate Objective Function",European Financial Management 7(3):297-317,Value maximization
Governance,T2,Tier 9-10,"Adams, Hermalin & Weisbach",2010,The Role of Boards of Directors in Corporate Governance: A Conceptual Framework and Survey,Journal of Economic Literature 48(1):58-107,Board survey
Governance,T3,Tier 9-10,Macey,2008,"Corporate Governance: Promises Kept, Promises Broken",Princeton University Press,Governance critique
Governance,T4,Tier 9-10,Turki,2018,Scenario Planning and Its Impact on Achieving Entrepreneurship in Education,"Master's Thesis, University of Kufa",Education entrepreneurship
Governance,T5,Tier 9-10,Edelman,2018,Edelman Trust Barometer 2018,Edelman Intelligence,Trust survey
Governance,T1,Tier 11-12,Rawls,1971,A Theory of Justice,Harvard University Press,Justice theory
Governance,T2,Tier 11-12,"Faleye, Hoitash & Hoitash",2011,The Costs of Intense Board Monitoring: Evidence from Firms with Multiple Board-Related Consultants,Journal of Financial Economics 101(1):160-181,Board monitoring
Governance,T3,Tier 11-12,Solomon,2010,Corporate Governance and Accountability (3rd ed.),John Wiley & Sons,Accountability
Governance,T4,Tier 11-12,"Brahmana, Siregar & Hsb",2013,Too Early to Execute the Strategic Scenario Planning: Hyperbolic Discounting and Psychological Biases of Indonesian SMEs' Managers,Business Strategy Series 14(2/3):50-59,SME biases
Governance,T5,Tier 11-12,Dodd,1932,For Whom Are Corporate Managers Trustees?,Harvard Law Review 45(7):1145-1163,Managerial trusteeship
